key,sha,message,filename
HIVE-21009,650871623ef435d359c07d4c90d76c439c45e976,HIVE-21009: Adding ability for user to set bind user (David McGinnis reviewed by Prasanth Jayachandran) (addendum),service/src/test/resources/creds/test.jceks
HIVE-21104,fd3498b33ab95ad163728759a88afa945b4a9010,HIVE-21104: PTF with nested structure throws ClassCastException (Rajesh Balamohan reviewed by Gopal V,ql/src/java/org/apache/hadoop/hive/ql/udf/ptf/WindowingTableFunction.java
HIVE-21104,fd3498b33ab95ad163728759a88afa945b4a9010,HIVE-21104: PTF with nested structure throws ClassCastException (Rajesh Balamohan reviewed by Gopal V,ql/src/test/queries/clientpositive/windowing.q
HIVE-21104,fd3498b33ab95ad163728759a88afa945b4a9010,HIVE-21104: PTF with nested structure throws ClassCastException (Rajesh Balamohan reviewed by Gopal V,ql/src/test/results/clientpositive/llap/windowing.q.out
HIVE-21104,fd3498b33ab95ad163728759a88afa945b4a9010,HIVE-21104: PTF with nested structure throws ClassCastException (Rajesh Balamohan reviewed by Gopal V,ql/src/test/results/clientpositive/spark/windowing.q.out
HIVE-19814,a3b7a2452bacf6d7eeeb42bd9dd68109c90e27a2,"HIVE-19814: RPC Server port is always random for spark (Bharathkrishna Guruvayoor Murali, reviewed by Sahil Takiar)",ql/src/java/org/apache/hadoop/hive/ql/exec/spark/HiveSparkClientFactory.java
HIVE-19814,a3b7a2452bacf6d7eeeb42bd9dd68109c90e27a2,"HIVE-19814: RPC Server port is always random for spark (Bharathkrishna Guruvayoor Murali, reviewed by Sahil Takiar)",ql/src/test/org/apache/hadoop/hive/ql/exec/spark/session/TestSparkSessionManagerImpl.java
HIVE-19814,a3b7a2452bacf6d7eeeb42bd9dd68109c90e27a2,"HIVE-19814: RPC Server port is always random for spark (Bharathkrishna Guruvayoor Murali, reviewed by Sahil Takiar)",spark-client/src/main/java/org/apache/hive/spark/client/SparkClientFactory.java
HIVE-19814,a3b7a2452bacf6d7eeeb42bd9dd68109c90e27a2,"HIVE-19814: RPC Server port is always random for spark (Bharathkrishna Guruvayoor Murali, reviewed by Sahil Takiar)",spark-client/src/main/java/org/apache/hive/spark/client/rpc/RpcConfiguration.java
HIVE-20210,65f02d2f99b990cb28fd6a832fa3425042e60a04,HIVE-20210 : Simple Fetch optimizer should lead to MapReduce when filter on non-partition column and conversion is minimal (Jeffery Yan via Ashutosh Chauhan),ql/src/java/org/apache/hadoop/hive/ql/optimizer/SimpleFetchOptimizer.java
HIVE-20210,65f02d2f99b990cb28fd6a832fa3425042e60a04,HIVE-20210 : Simple Fetch optimizer should lead to MapReduce when filter on non-partition column and conversion is minimal (Jeffery Yan via Ashutosh Chauhan),ql/src/test/queries/clientpositive/nonmr_fetch.q
HIVE-20210,65f02d2f99b990cb28fd6a832fa3425042e60a04,HIVE-20210 : Simple Fetch optimizer should lead to MapReduce when filter on non-partition column and conversion is minimal (Jeffery Yan via Ashutosh Chauhan),ql/src/test/results/clientpositive/annotate_stats_part.q.out
HIVE-20210,65f02d2f99b990cb28fd6a832fa3425042e60a04,HIVE-20210 : Simple Fetch optimizer should lead to MapReduce when filter on non-partition column and conversion is minimal (Jeffery Yan via Ashutosh Chauhan),ql/src/test/results/clientpositive/cbo_rp_simple_select.q.out
HIVE-20210,65f02d2f99b990cb28fd6a832fa3425042e60a04,HIVE-20210 : Simple Fetch optimizer should lead to MapReduce when filter on non-partition column and conversion is minimal (Jeffery Yan via Ashutosh Chauhan),ql/src/test/results/clientpositive/cbo_simple_select.q.out
HIVE-20210,65f02d2f99b990cb28fd6a832fa3425042e60a04,HIVE-20210 : Simple Fetch optimizer should lead to MapReduce when filter on non-partition column and conversion is minimal (Jeffery Yan via Ashutosh Chauhan),ql/src/test/results/clientpositive/filter_in_or_dup.q.out
HIVE-20210,65f02d2f99b990cb28fd6a832fa3425042e60a04,HIVE-20210 : Simple Fetch optimizer should lead to MapReduce when filter on non-partition column and conversion is minimal (Jeffery Yan via Ashutosh Chauhan),ql/src/test/results/clientpositive/input42.q.out
HIVE-20210,65f02d2f99b990cb28fd6a832fa3425042e60a04,HIVE-20210 : Simple Fetch optimizer should lead to MapReduce when filter on non-partition column and conversion is minimal (Jeffery Yan via Ashutosh Chauhan),ql/src/test/results/clientpositive/input_part9.q.out
HIVE-20210,65f02d2f99b990cb28fd6a832fa3425042e60a04,HIVE-20210 : Simple Fetch optimizer should lead to MapReduce when filter on non-partition column and conversion is minimal (Jeffery Yan via Ashutosh Chauhan),ql/src/test/results/clientpositive/list_bucket_dml_1.q.out
HIVE-20210,65f02d2f99b990cb28fd6a832fa3425042e60a04,HIVE-20210 : Simple Fetch optimizer should lead to MapReduce when filter on non-partition column and conversion is minimal (Jeffery Yan via Ashutosh Chauhan),ql/src/test/results/clientpositive/list_bucket_dml_11.q.out
HIVE-20210,65f02d2f99b990cb28fd6a832fa3425042e60a04,HIVE-20210 : Simple Fetch optimizer should lead to MapReduce when filter on non-partition column and conversion is minimal (Jeffery Yan via Ashutosh Chauhan),ql/src/test/results/clientpositive/list_bucket_dml_12.q.out
HIVE-20210,65f02d2f99b990cb28fd6a832fa3425042e60a04,HIVE-20210 : Simple Fetch optimizer should lead to MapReduce when filter on non-partition column and conversion is minimal (Jeffery Yan via Ashutosh Chauhan),ql/src/test/results/clientpositive/list_bucket_dml_13.q.out
HIVE-20210,65f02d2f99b990cb28fd6a832fa3425042e60a04,HIVE-20210 : Simple Fetch optimizer should lead to MapReduce when filter on non-partition column and conversion is minimal (Jeffery Yan via Ashutosh Chauhan),ql/src/test/results/clientpositive/list_bucket_dml_2.q.out
HIVE-20210,65f02d2f99b990cb28fd6a832fa3425042e60a04,HIVE-20210 : Simple Fetch optimizer should lead to MapReduce when filter on non-partition column and conversion is minimal (Jeffery Yan via Ashutosh Chauhan),ql/src/test/results/clientpositive/list_bucket_dml_3.q.out
HIVE-20210,65f02d2f99b990cb28fd6a832fa3425042e60a04,HIVE-20210 : Simple Fetch optimizer should lead to MapReduce when filter on non-partition column and conversion is minimal (Jeffery Yan via Ashutosh Chauhan),ql/src/test/results/clientpositive/list_bucket_dml_4.q.out
HIVE-20210,65f02d2f99b990cb28fd6a832fa3425042e60a04,HIVE-20210 : Simple Fetch optimizer should lead to MapReduce when filter on non-partition column and conversion is minimal (Jeffery Yan via Ashutosh Chauhan),ql/src/test/results/clientpositive/list_bucket_dml_5.q.out
HIVE-20210,65f02d2f99b990cb28fd6a832fa3425042e60a04,HIVE-20210 : Simple Fetch optimizer should lead to MapReduce when filter on non-partition column and conversion is minimal (Jeffery Yan via Ashutosh Chauhan),ql/src/test/results/clientpositive/list_bucket_dml_6.q.out
HIVE-20210,65f02d2f99b990cb28fd6a832fa3425042e60a04,HIVE-20210 : Simple Fetch optimizer should lead to MapReduce when filter on non-partition column and conversion is minimal (Jeffery Yan via Ashutosh Chauhan),ql/src/test/results/clientpositive/list_bucket_dml_7.q.out
HIVE-20210,65f02d2f99b990cb28fd6a832fa3425042e60a04,HIVE-20210 : Simple Fetch optimizer should lead to MapReduce when filter on non-partition column and conversion is minimal (Jeffery Yan via Ashutosh Chauhan),ql/src/test/results/clientpositive/list_bucket_dml_8.q.out
HIVE-20210,65f02d2f99b990cb28fd6a832fa3425042e60a04,HIVE-20210 : Simple Fetch optimizer should lead to MapReduce when filter on non-partition column and conversion is minimal (Jeffery Yan via Ashutosh Chauhan),ql/src/test/results/clientpositive/list_bucket_dml_9.q.out
HIVE-20210,65f02d2f99b990cb28fd6a832fa3425042e60a04,HIVE-20210 : Simple Fetch optimizer should lead to MapReduce when filter on non-partition column and conversion is minimal (Jeffery Yan via Ashutosh Chauhan),ql/src/test/results/clientpositive/list_bucket_query_multiskew_1.q.out
HIVE-20210,65f02d2f99b990cb28fd6a832fa3425042e60a04,HIVE-20210 : Simple Fetch optimizer should lead to MapReduce when filter on non-partition column and conversion is minimal (Jeffery Yan via Ashutosh Chauhan),ql/src/test/results/clientpositive/list_bucket_query_multiskew_2.q.out
HIVE-20210,65f02d2f99b990cb28fd6a832fa3425042e60a04,HIVE-20210 : Simple Fetch optimizer should lead to MapReduce when filter on non-partition column and conversion is minimal (Jeffery Yan via Ashutosh Chauhan),ql/src/test/results/clientpositive/list_bucket_query_multiskew_3.q.out
HIVE-20210,65f02d2f99b990cb28fd6a832fa3425042e60a04,HIVE-20210 : Simple Fetch optimizer should lead to MapReduce when filter on non-partition column and conversion is minimal (Jeffery Yan via Ashutosh Chauhan),ql/src/test/results/clientpositive/list_bucket_query_oneskew_1.q.out
HIVE-20210,65f02d2f99b990cb28fd6a832fa3425042e60a04,HIVE-20210 : Simple Fetch optimizer should lead to MapReduce when filter on non-partition column and conversion is minimal (Jeffery Yan via Ashutosh Chauhan),ql/src/test/results/clientpositive/list_bucket_query_oneskew_2.q.out
HIVE-20210,65f02d2f99b990cb28fd6a832fa3425042e60a04,HIVE-20210 : Simple Fetch optimizer should lead to MapReduce when filter on non-partition column and conversion is minimal (Jeffery Yan via Ashutosh Chauhan),ql/src/test/results/clientpositive/list_bucket_query_oneskew_3.q.out
HIVE-20210,65f02d2f99b990cb28fd6a832fa3425042e60a04,HIVE-20210 : Simple Fetch optimizer should lead to MapReduce when filter on non-partition column and conversion is minimal (Jeffery Yan via Ashutosh Chauhan),ql/src/test/results/clientpositive/nonmr_fetch.q.out
HIVE-20210,65f02d2f99b990cb28fd6a832fa3425042e60a04,HIVE-20210 : Simple Fetch optimizer should lead to MapReduce when filter on non-partition column and conversion is minimal (Jeffery Yan via Ashutosh Chauhan),ql/src/test/results/clientpositive/ppr_pushdown3.q.out
HIVE-20210,65f02d2f99b990cb28fd6a832fa3425042e60a04,HIVE-20210 : Simple Fetch optimizer should lead to MapReduce when filter on non-partition column and conversion is minimal (Jeffery Yan via Ashutosh Chauhan),ql/src/test/results/clientpositive/rand_partitionpruner3.q.out
HIVE-20210,65f02d2f99b990cb28fd6a832fa3425042e60a04,HIVE-20210 : Simple Fetch optimizer should lead to MapReduce when filter on non-partition column and conversion is minimal (Jeffery Yan via Ashutosh Chauhan),ql/src/test/results/clientpositive/truncate_column_list_bucket.q.out
HIVE-20210,65f02d2f99b990cb28fd6a832fa3425042e60a04,HIVE-20210 : Simple Fetch optimizer should lead to MapReduce when filter on non-partition column and conversion is minimal (Jeffery Yan via Ashutosh Chauhan),ql/src/test/results/clientpositive/union_view.q.out
HIVE-15077,53a590b5372c30369aae8c7b32895edc6026112e,"HIVE-15077 - Acid LockManager is unfair (Eugene Koifman, reviewed by Alan Gates)",ql/src/java/org/apache/hadoop/hive/ql/txn/compactor/Cleaner.java
HIVE-15077,53a590b5372c30369aae8c7b32895edc6026112e,"HIVE-15077 - Acid LockManager is unfair (Eugene Koifman, reviewed by Alan Gates)",ql/src/test/org/apache/hadoop/hive/ql/lockmgr/TestDbTxnManager2.java
HIVE-15077,53a590b5372c30369aae8c7b32895edc6026112e,"HIVE-15077 - Acid LockManager is unfair (Eugene Koifman, reviewed by Alan Gates)",standalone-metastore/src/main/java/org/apache/hadoop/hive/metastore/txn/TxnHandler.java
HIVE-16491,9559306c3698a453609fe1ea47fddf219ca397b3,HIVE-16491 : CBO cant handle join involving complex types in on condition (Miklos Gergely via Ashutosh Chauhan),itests/src/test/resources/testconfiguration.properties
HIVE-16491,9559306c3698a453609fe1ea47fddf219ca397b3,HIVE-16491 : CBO cant handle join involving complex types in on condition (Miklos Gergely via Ashutosh Chauhan),ql/src/java/org/apache/hadoop/hive/ql/optimizer/calcite/translator/JoinTypeCheckCtx.java
HIVE-16491,9559306c3698a453609fe1ea47fddf219ca397b3,HIVE-16491 : CBO cant handle join involving complex types in on condition (Miklos Gergely via Ashutosh Chauhan),ql/src/test/queries/clientpositive/vector_complex_join.q
HIVE-16491,9559306c3698a453609fe1ea47fddf219ca397b3,HIVE-16491 : CBO cant handle join involving complex types in on condition (Miklos Gergely via Ashutosh Chauhan),ql/src/test/results/clientpositive/llap/vector_complex_join.q.out
HIVE-16491,9559306c3698a453609fe1ea47fddf219ca397b3,HIVE-16491 : CBO cant handle join involving complex types in on condition (Miklos Gergely via Ashutosh Chauhan),ql/src/test/results/clientpositive/vector_complex_join.q.out
HIVE-18250,7ea263cbe20eab04a813d270fc8cddc9ad80e7dc,"HIVE-18250: CBO gets turned off with duplicates in RR error (Jesus Camacho Rodriguez, reviewed by Ashutosh Chauhan)",ql/src/java/org/apache/hadoop/hive/ql/parse/CalcitePlanner.java
HIVE-18250,7ea263cbe20eab04a813d270fc8cddc9ad80e7dc,"HIVE-18250: CBO gets turned off with duplicates in RR error (Jesus Camacho Rodriguez, reviewed by Ashutosh Chauhan)",ql/src/test/queries/clientpositive/groupby_multialias.q
HIVE-18250,7ea263cbe20eab04a813d270fc8cddc9ad80e7dc,"HIVE-18250: CBO gets turned off with duplicates in RR error (Jesus Camacho Rodriguez, reviewed by Ashutosh Chauhan)",ql/src/test/results/clientpositive/complex_alias.q.out
HIVE-18250,7ea263cbe20eab04a813d270fc8cddc9ad80e7dc,"HIVE-18250: CBO gets turned off with duplicates in RR error (Jesus Camacho Rodriguez, reviewed by Ashutosh Chauhan)",ql/src/test/results/clientpositive/groupby_multialias.q.out
HIVE-18250,7ea263cbe20eab04a813d270fc8cddc9ad80e7dc,"HIVE-18250: CBO gets turned off with duplicates in RR error (Jesus Camacho Rodriguez, reviewed by Ashutosh Chauhan)",ql/src/test/results/clientpositive/order3.q.out
HIVE-18250,7ea263cbe20eab04a813d270fc8cddc9ad80e7dc,"HIVE-18250: CBO gets turned off with duplicates in RR error (Jesus Camacho Rodriguez, reviewed by Ashutosh Chauhan)",ql/src/test/results/clientpositive/perf/spark/query19.q.out
HIVE-18250,7ea263cbe20eab04a813d270fc8cddc9ad80e7dc,"HIVE-18250: CBO gets turned off with duplicates in RR error (Jesus Camacho Rodriguez, reviewed by Ashutosh Chauhan)",ql/src/test/results/clientpositive/perf/spark/query55.q.out
HIVE-18250,7ea263cbe20eab04a813d270fc8cddc9ad80e7dc,"HIVE-18250: CBO gets turned off with duplicates in RR error (Jesus Camacho Rodriguez, reviewed by Ashutosh Chauhan)",ql/src/test/results/clientpositive/perf/spark/query71.q.out
HIVE-18250,7ea263cbe20eab04a813d270fc8cddc9ad80e7dc,"HIVE-18250: CBO gets turned off with duplicates in RR error (Jesus Camacho Rodriguez, reviewed by Ashutosh Chauhan)",ql/src/test/results/clientpositive/perf/tez/query19.q.out
HIVE-18250,7ea263cbe20eab04a813d270fc8cddc9ad80e7dc,"HIVE-18250: CBO gets turned off with duplicates in RR error (Jesus Camacho Rodriguez, reviewed by Ashutosh Chauhan)",ql/src/test/results/clientpositive/perf/tez/query55.q.out
HIVE-18250,7ea263cbe20eab04a813d270fc8cddc9ad80e7dc,"HIVE-18250: CBO gets turned off with duplicates in RR error (Jesus Camacho Rodriguez, reviewed by Ashutosh Chauhan)",ql/src/test/results/clientpositive/perf/tez/query71.q.out
HIVE-17620,2a89e83c2f9c7160617618910c99178bb5ef7bc5,HIVE-17620: Use the default MR scratch directory (HDFS) in the only case when hive.blobstore.optimizations.enabled=true AND isFinalJob=true (Gergely Hajós reviewed by Rajesh Balamohan via Zoltan Haindrich),itests/hive-blobstore/src/test/results/clientpositive/write_final_output_blobstore.q.out
HIVE-17620,2a89e83c2f9c7160617618910c99178bb5ef7bc5,HIVE-17620: Use the default MR scratch directory (HDFS) in the only case when hive.blobstore.optimizations.enabled=true AND isFinalJob=true (Gergely Hajós reviewed by Rajesh Balamohan via Zoltan Haindrich),ql/src/java/org/apache/hadoop/hive/ql/Context.java
HIVE-17620,2a89e83c2f9c7160617618910c99178bb5ef7bc5,HIVE-17620: Use the default MR scratch directory (HDFS) in the only case when hive.blobstore.optimizations.enabled=true AND isFinalJob=true (Gergely Hajós reviewed by Rajesh Balamohan via Zoltan Haindrich),ql/src/java/org/apache/hadoop/hive/ql/optimizer/GenMapRedUtils.java
HIVE-17620,2a89e83c2f9c7160617618910c99178bb5ef7bc5,HIVE-17620: Use the default MR scratch directory (HDFS) in the only case when hive.blobstore.optimizations.enabled=true AND isFinalJob=true (Gergely Hajós reviewed by Rajesh Balamohan via Zoltan Haindrich),ql/src/java/org/apache/hadoop/hive/ql/parse/SemanticAnalyzer.java
HIVE-17620,2a89e83c2f9c7160617618910c99178bb5ef7bc5,HIVE-17620: Use the default MR scratch directory (HDFS) in the only case when hive.blobstore.optimizations.enabled=true AND isFinalJob=true (Gergely Hajós reviewed by Rajesh Balamohan via Zoltan Haindrich),ql/src/test/org/apache/hadoop/hive/ql/exec/TestContext.java
HIVE-18050,179e32f0bd1ea915bb49aec389cba698af92150b,"HIVE-18050 : LlapServiceDriver shoud split HIVE_AUX_JARS_PATH by ':' instead of ',' (Aegeaner, reviewed by Sergey Shelukhin)",llap-server/src/java/org/apache/hadoop/hive/llap/cli/LlapServiceDriver.java
HIVE-16756,987d13099335a79ab2c3a85535d8164caad6bdb3,"HIVE-16756 : Vectorization: LongColModuloLongColumn throws java.lang.ArithmeticException: / by zero (Vihang Karajgaonkar, reviewed by Matt McCline)",ql/src/gen/vectorization/ExpressionTemplates/ColumnDivideColumn.txt
HIVE-16756,987d13099335a79ab2c3a85535d8164caad6bdb3,"HIVE-16756 : Vectorization: LongColModuloLongColumn throws java.lang.ArithmeticException: / by zero (Vihang Karajgaonkar, reviewed by Matt McCline)",ql/src/java/org/apache/hadoop/hive/ql/exec/vector/expressions/LongColModuloLongColumn.java
HIVE-16756,987d13099335a79ab2c3a85535d8164caad6bdb3,"HIVE-16756 : Vectorization: LongColModuloLongColumn throws java.lang.ArithmeticException: / by zero (Vihang Karajgaonkar, reviewed by Matt McCline)",ql/src/java/org/apache/hadoop/hive/ql/udf/generic/GenericUDFOPMod.java
HIVE-16756,987d13099335a79ab2c3a85535d8164caad6bdb3,"HIVE-16756 : Vectorization: LongColModuloLongColumn throws java.lang.ArithmeticException: / by zero (Vihang Karajgaonkar, reviewed by Matt McCline)",ql/src/test/org/apache/hadoop/hive/ql/exec/vector/TestVectorizationContext.java
HIVE-16756,987d13099335a79ab2c3a85535d8164caad6bdb3,"HIVE-16756 : Vectorization: LongColModuloLongColumn throws java.lang.ArithmeticException: / by zero (Vihang Karajgaonkar, reviewed by Matt McCline)",ql/src/test/org/apache/hadoop/hive/ql/exec/vector/expressions/TestVectorArithmeticExpressions.java
HIVE-16756,987d13099335a79ab2c3a85535d8164caad6bdb3,"HIVE-16756 : Vectorization: LongColModuloLongColumn throws java.lang.ArithmeticException: / by zero (Vihang Karajgaonkar, reviewed by Matt McCline)",ql/src/test/queries/clientpositive/vectorization_div0.q
HIVE-16756,987d13099335a79ab2c3a85535d8164caad6bdb3,"HIVE-16756 : Vectorization: LongColModuloLongColumn throws java.lang.ArithmeticException: / by zero (Vihang Karajgaonkar, reviewed by Matt McCline)",ql/src/test/results/clientpositive/spark/vectorization_div0.q.out
HIVE-16756,987d13099335a79ab2c3a85535d8164caad6bdb3,"HIVE-16756 : Vectorization: LongColModuloLongColumn throws java.lang.ArithmeticException: / by zero (Vihang Karajgaonkar, reviewed by Matt McCline)",ql/src/test/results/clientpositive/tez/vectorization_div0.q.out
HIVE-16756,987d13099335a79ab2c3a85535d8164caad6bdb3,"HIVE-16756 : Vectorization: LongColModuloLongColumn throws java.lang.ArithmeticException: / by zero (Vihang Karajgaonkar, reviewed by Matt McCline)",ql/src/test/results/clientpositive/vectorization_div0.q.out
HIVE-16756,987d13099335a79ab2c3a85535d8164caad6bdb3,"HIVE-16756 : Vectorization: LongColModuloLongColumn throws java.lang.ArithmeticException: / by zero (Vihang Karajgaonkar, reviewed by Matt McCline)",vector-code-gen/src/org/apache/hadoop/hive/tools/GenVectorCode.java
HIVE-17391,599a74f8f28c088d49194960b3fe664650636f4c,HIVE-17391 Compaction fails if there is an empty value in tblproperties (Steve Yeom via Eugene Koifman),common/src/java/org/apache/hadoop/hive/common/StringableMap.java
HIVE-17391,599a74f8f28c088d49194960b3fe664650636f4c,HIVE-17391 Compaction fails if there is an empty value in tblproperties (Steve Yeom via Eugene Koifman),ql/src/test/org/apache/hadoop/hive/ql/TestTxnCommands2.java
HIVE-17682,d376157bb507f251e121b59e7c2de9d96061d1b0,"HIVE-17682: Vectorization: IF stmt produces wrong results (Matt McCline, reviewed by Gopal Vijayaraghavan)",ql/src/gen/vectorization/ExpressionTemplates/IfExprColumnScalar.txt
HIVE-17682,d376157bb507f251e121b59e7c2de9d96061d1b0,"HIVE-17682: Vectorization: IF stmt produces wrong results (Matt McCline, reviewed by Gopal Vijayaraghavan)",ql/src/test/queries/clientpositive/vector_if_expr_2.q
HIVE-17682,d376157bb507f251e121b59e7c2de9d96061d1b0,"HIVE-17682: Vectorization: IF stmt produces wrong results (Matt McCline, reviewed by Gopal Vijayaraghavan)",ql/src/test/results/clientpositive/vector_if_expr_2.q.out
HIVE-17664,8ffd8ea8eb8bfecb8770fb99e5f17877bb79a434,"HIVE-17664: Refactor and add new tests (Jesus Camacho Rodriguez, reviewed by Ashutosh Chauhan)",itests/util/src/main/java/org/apache/hadoop/hive/ql/security/authorization/plugin/sqlstd/SQLStdHiveAuthorizationValidatorForTest.java
HIVE-17664,8ffd8ea8eb8bfecb8770fb99e5f17877bb79a434,"HIVE-17664: Refactor and add new tests (Jesus Camacho Rodriguez, reviewed by Ashutosh Chauhan)",ql/src/java/org/apache/hadoop/hive/ql/Context.java
HIVE-17664,8ffd8ea8eb8bfecb8770fb99e5f17877bb79a434,"HIVE-17664: Refactor and add new tests (Jesus Camacho Rodriguez, reviewed by Ashutosh Chauhan)",ql/src/java/org/apache/hadoop/hive/ql/parse/ParseDriver.java
HIVE-17664,8ffd8ea8eb8bfecb8770fb99e5f17877bb79a434,"HIVE-17664: Refactor and add new tests (Jesus Camacho Rodriguez, reviewed by Ashutosh Chauhan)",ql/src/java/org/apache/hadoop/hive/ql/parse/ParseUtils.java
HIVE-17664,8ffd8ea8eb8bfecb8770fb99e5f17877bb79a434,"HIVE-17664: Refactor and add new tests (Jesus Camacho Rodriguez, reviewed by Ashutosh Chauhan)",ql/src/java/org/apache/hadoop/hive/ql/parse/SemanticAnalyzer.java
HIVE-17664,8ffd8ea8eb8bfecb8770fb99e5f17877bb79a434,"HIVE-17664: Refactor and add new tests (Jesus Camacho Rodriguez, reviewed by Ashutosh Chauhan)",ql/src/java/org/apache/hadoop/hive/ql/parse/TableMask.java
HIVE-17664,8ffd8ea8eb8bfecb8770fb99e5f17877bb79a434,"HIVE-17664: Refactor and add new tests (Jesus Camacho Rodriguez, reviewed by Ashutosh Chauhan)",ql/src/test/queries/clientpositive/masking_12.q
HIVE-17664,8ffd8ea8eb8bfecb8770fb99e5f17877bb79a434,"HIVE-17664: Refactor and add new tests (Jesus Camacho Rodriguez, reviewed by Ashutosh Chauhan)",ql/src/test/results/clientpositive/masking_12.q.out
HIVE-17429,8482c5fbe9d2b9a62132e0e94d5578a5eaa22fbd,"HIVE-17429: Hive JDBC doesn't return rows when querying Impala (Zach Amsden, reviewed by Aihua Xu)",jdbc/src/java/org/apache/hive/jdbc/HiveStatement.java
HIVE-17150,a282e5d942fbd22b6bbae9d3ed809b44713b11d2,"HIVE-17150: CREATE INDEX execute HMS out-of-transaction listener calls inside a transaction (Sergio Pena, reviewed by Vihang Karajgaonkar)",hcatalog/server-extensions/src/main/java/org/apache/hive/hcatalog/listener/DbNotificationListener.java
HIVE-17150,a282e5d942fbd22b6bbae9d3ed809b44713b11d2,"HIVE-17150: CREATE INDEX execute HMS out-of-transaction listener calls inside a transaction (Sergio Pena, reviewed by Vihang Karajgaonkar)",itests/hcatalog-unit/src/test/java/org/apache/hive/hcatalog/listener/DummyRawStoreFailEvent.java
HIVE-17150,a282e5d942fbd22b6bbae9d3ed809b44713b11d2,"HIVE-17150: CREATE INDEX execute HMS out-of-transaction listener calls inside a transaction (Sergio Pena, reviewed by Vihang Karajgaonkar)",itests/hcatalog-unit/src/test/java/org/apache/hive/hcatalog/listener/TestDbNotificationListener.java
HIVE-17150,a282e5d942fbd22b6bbae9d3ed809b44713b11d2,"HIVE-17150: CREATE INDEX execute HMS out-of-transaction listener calls inside a transaction (Sergio Pena, reviewed by Vihang Karajgaonkar)",metastore/src/java/org/apache/hadoop/hive/metastore/HiveMetaStore.java
HIVE-17150,a282e5d942fbd22b6bbae9d3ed809b44713b11d2,"HIVE-17150: CREATE INDEX execute HMS out-of-transaction listener calls inside a transaction (Sergio Pena, reviewed by Vihang Karajgaonkar)",metastore/src/java/org/apache/hadoop/hive/metastore/MetaStoreEventListenerConstants.java
HIVE-17150,a282e5d942fbd22b6bbae9d3ed809b44713b11d2,"HIVE-17150: CREATE INDEX execute HMS out-of-transaction listener calls inside a transaction (Sergio Pena, reviewed by Vihang Karajgaonkar)",metastore/src/java/org/apache/hadoop/hive/metastore/MetaStoreListenerNotifier.java
HIVE-17150,a282e5d942fbd22b6bbae9d3ed809b44713b11d2,"HIVE-17150: CREATE INDEX execute HMS out-of-transaction listener calls inside a transaction (Sergio Pena, reviewed by Vihang Karajgaonkar)",metastore/src/java/org/apache/hadoop/hive/metastore/RawStore.java
HIVE-17150,a282e5d942fbd22b6bbae9d3ed809b44713b11d2,"HIVE-17150: CREATE INDEX execute HMS out-of-transaction listener calls inside a transaction (Sergio Pena, reviewed by Vihang Karajgaonkar)",metastore/src/java/org/apache/hadoop/hive/metastore/cache/CachedStore.java
HIVE-17150,a282e5d942fbd22b6bbae9d3ed809b44713b11d2,"HIVE-17150: CREATE INDEX execute HMS out-of-transaction listener calls inside a transaction (Sergio Pena, reviewed by Vihang Karajgaonkar)",metastore/src/java/org/apache/hadoop/hive/metastore/hbase/HBaseStore.java
HIVE-17150,a282e5d942fbd22b6bbae9d3ed809b44713b11d2,"HIVE-17150: CREATE INDEX execute HMS out-of-transaction listener calls inside a transaction (Sergio Pena, reviewed by Vihang Karajgaonkar)",metastore/src/test/org/apache/hadoop/hive/metastore/DummyRawStoreControlledCommit.java
HIVE-17150,a282e5d942fbd22b6bbae9d3ed809b44713b11d2,"HIVE-17150: CREATE INDEX execute HMS out-of-transaction listener calls inside a transaction (Sergio Pena, reviewed by Vihang Karajgaonkar)",metastore/src/test/org/apache/hadoop/hive/metastore/DummyRawStoreForJdoConnection.java
HIVE-17085,b9fc5fc10e53124e5ad41e9ab367f5e45ba44b43,HIVE-17085: ORC file merge/concatenation should do full schema check (Prasanth Jaychandran reviewed by Zoltan Haindrich),itests/src/test/resources/testconfiguration.properties
HIVE-17085,b9fc5fc10e53124e5ad41e9ab367f5e45ba44b43,HIVE-17085: ORC file merge/concatenation should do full schema check (Prasanth Jaychandran reviewed by Zoltan Haindrich),ql/src/java/org/apache/hadoop/hive/ql/exec/OrcFileMergeOperator.java
HIVE-17085,b9fc5fc10e53124e5ad41e9ab367f5e45ba44b43,HIVE-17085: ORC file merge/concatenation should do full schema check (Prasanth Jaychandran reviewed by Zoltan Haindrich),ql/src/java/org/apache/hadoop/hive/ql/io/orc/OrcFileKeyWrapper.java
HIVE-17085,b9fc5fc10e53124e5ad41e9ab367f5e45ba44b43,HIVE-17085: ORC file merge/concatenation should do full schema check (Prasanth Jaychandran reviewed by Zoltan Haindrich),ql/src/java/org/apache/hadoop/hive/ql/io/orc/OrcFileStripeMergeRecordReader.java
HIVE-17085,b9fc5fc10e53124e5ad41e9ab367f5e45ba44b43,HIVE-17085: ORC file merge/concatenation should do full schema check (Prasanth Jaychandran reviewed by Zoltan Haindrich),ql/src/test/queries/clientpositive/orc_merge_incompat_schema.q
HIVE-17085,b9fc5fc10e53124e5ad41e9ab367f5e45ba44b43,HIVE-17085: ORC file merge/concatenation should do full schema check (Prasanth Jaychandran reviewed by Zoltan Haindrich),ql/src/test/queries/clientpositive/orc_merge_incompat_writer_version.q
HIVE-17085,b9fc5fc10e53124e5ad41e9ab367f5e45ba44b43,HIVE-17085: ORC file merge/concatenation should do full schema check (Prasanth Jaychandran reviewed by Zoltan Haindrich),ql/src/test/results/clientpositive/llap/orc_merge_incompat_schema.q.out
HIVE-17085,b9fc5fc10e53124e5ad41e9ab367f5e45ba44b43,HIVE-17085: ORC file merge/concatenation should do full schema check (Prasanth Jaychandran reviewed by Zoltan Haindrich),ql/src/test/results/clientpositive/llap/orc_merge_incompat_writer_version.q.out
HIVE-17085,b9fc5fc10e53124e5ad41e9ab367f5e45ba44b43,HIVE-17085: ORC file merge/concatenation should do full schema check (Prasanth Jaychandran reviewed by Zoltan Haindrich),ql/src/test/results/clientpositive/orc_merge_incompat_schema.q.out
HIVE-17085,b9fc5fc10e53124e5ad41e9ab367f5e45ba44b43,HIVE-17085: ORC file merge/concatenation should do full schema check (Prasanth Jaychandran reviewed by Zoltan Haindrich),ql/src/test/results/clientpositive/orc_merge_incompat_writer_version.q.out
HIVE-16958,d68630b6ed25884a76030a9073cd864032ab85c2,"HIVE-16958: Setting hive.merge.sparkfiles=true will retrun an error when generating parquet databases (Liyun Zhang reviewed by Li Rui, Ferdinand Xu)",ql/src/java/org/apache/hadoop/hive/ql/io/parquet/ProjectionPusher.java
HIVE-16939,30e36a28aa0d475f285a900d9adf3e8460b3e34e,"HIVE-16939: metastore error: 'export: -Dproc_metastore : not a valid identifier' (Fei Hui, reviewed by Ferdinand Xu)",bin/ext/metastore.sh
HIVE-16507,4cd425132e54d7c48aa87fb8509b6011f5139862,"HIVE-16507: Hive Explain User-Level may print out ""Vertex dependency in root stage"" twice (Sahil Takiar, reviewed by Pengcheng Xiong)",common/src/java/org/apache/hadoop/hive/common/jsonexplain/DagJsonParser.java
HIVE-16507,4cd425132e54d7c48aa87fb8509b6011f5139862,"HIVE-16507: Hive Explain User-Level may print out ""Vertex dependency in root stage"" twice (Sahil Takiar, reviewed by Pengcheng Xiong)",ql/src/test/results/clientpositive/llap/cte_mat_3.q.out
HIVE-16507,4cd425132e54d7c48aa87fb8509b6011f5139862,"HIVE-16507: Hive Explain User-Level may print out ""Vertex dependency in root stage"" twice (Sahil Takiar, reviewed by Pengcheng Xiong)",ql/src/test/results/clientpositive/llap/cte_mat_4.q.out
HIVE-16507,4cd425132e54d7c48aa87fb8509b6011f5139862,"HIVE-16507: Hive Explain User-Level may print out ""Vertex dependency in root stage"" twice (Sahil Takiar, reviewed by Pengcheng Xiong)",ql/src/test/results/clientpositive/llap/cte_mat_5.q.out
HIVE-16507,4cd425132e54d7c48aa87fb8509b6011f5139862,"HIVE-16507: Hive Explain User-Level may print out ""Vertex dependency in root stage"" twice (Sahil Takiar, reviewed by Pengcheng Xiong)",ql/src/test/results/clientpositive/spark/spark_explainuser_1.q.out
HIVE-15160,a74c1e7ceeab05917fbe01e9a7cd3eda8e87ee27,"HIVE-15160: Can't order by an unselected column (Pengcheng Xiong, reviewed by Ashutosh Chauhan)",ql/src/java/org/apache/hadoop/hive/ql/optimizer/calcite/rules/HiveProjectSortTransposeRule.java
HIVE-15160,a74c1e7ceeab05917fbe01e9a7cd3eda8e87ee27,"HIVE-15160: Can't order by an unselected column (Pengcheng Xiong, reviewed by Ashutosh Chauhan)",ql/src/java/org/apache/hadoop/hive/ql/parse/CalcitePlanner.java
HIVE-15160,a74c1e7ceeab05917fbe01e9a7cd3eda8e87ee27,"HIVE-15160: Can't order by an unselected column (Pengcheng Xiong, reviewed by Ashutosh Chauhan)",ql/src/java/org/apache/hadoop/hive/ql/parse/SemanticAnalyzer.java
HIVE-15160,a74c1e7ceeab05917fbe01e9a7cd3eda8e87ee27,"HIVE-15160: Can't order by an unselected column (Pengcheng Xiong, reviewed by Ashutosh Chauhan)",ql/src/java/org/apache/hadoop/hive/ql/parse/TypeCheckProcFactory.java
HIVE-15160,a74c1e7ceeab05917fbe01e9a7cd3eda8e87ee27,"HIVE-15160: Can't order by an unselected column (Pengcheng Xiong, reviewed by Ashutosh Chauhan)",ql/src/test/queries/clientpositive/order_by_expr_1.q
HIVE-15160,a74c1e7ceeab05917fbe01e9a7cd3eda8e87ee27,"HIVE-15160: Can't order by an unselected column (Pengcheng Xiong, reviewed by Ashutosh Chauhan)",ql/src/test/queries/clientpositive/order_by_expr_2.q
HIVE-15160,a74c1e7ceeab05917fbe01e9a7cd3eda8e87ee27,"HIVE-15160: Can't order by an unselected column (Pengcheng Xiong, reviewed by Ashutosh Chauhan)",ql/src/test/results/clientpositive/annotate_stats_select.q.out
HIVE-15160,a74c1e7ceeab05917fbe01e9a7cd3eda8e87ee27,"HIVE-15160: Can't order by an unselected column (Pengcheng Xiong, reviewed by Ashutosh Chauhan)",ql/src/test/results/clientpositive/cp_sel.q.out
HIVE-15160,a74c1e7ceeab05917fbe01e9a7cd3eda8e87ee27,"HIVE-15160: Can't order by an unselected column (Pengcheng Xiong, reviewed by Ashutosh Chauhan)",ql/src/test/results/clientpositive/druid_basic2.q.out
HIVE-15160,a74c1e7ceeab05917fbe01e9a7cd3eda8e87ee27,"HIVE-15160: Can't order by an unselected column (Pengcheng Xiong, reviewed by Ashutosh Chauhan)",ql/src/test/results/clientpositive/dynamic_rdd_cache.q.out
HIVE-15160,a74c1e7ceeab05917fbe01e9a7cd3eda8e87ee27,"HIVE-15160: Can't order by an unselected column (Pengcheng Xiong, reviewed by Ashutosh Chauhan)",ql/src/test/results/clientpositive/groupby_grouping_sets_grouping.q.out
HIVE-15160,a74c1e7ceeab05917fbe01e9a7cd3eda8e87ee27,"HIVE-15160: Can't order by an unselected column (Pengcheng Xiong, reviewed by Ashutosh Chauhan)",ql/src/test/results/clientpositive/llap/bucket_groupby.q.out
HIVE-15160,a74c1e7ceeab05917fbe01e9a7cd3eda8e87ee27,"HIVE-15160: Can't order by an unselected column (Pengcheng Xiong, reviewed by Ashutosh Chauhan)",ql/src/test/results/clientpositive/llap/explainuser_1.q.out
HIVE-15160,a74c1e7ceeab05917fbe01e9a7cd3eda8e87ee27,"HIVE-15160: Can't order by an unselected column (Pengcheng Xiong, reviewed by Ashutosh Chauhan)",ql/src/test/results/clientpositive/llap/limit_pushdown.q.out
HIVE-15160,a74c1e7ceeab05917fbe01e9a7cd3eda8e87ee27,"HIVE-15160: Can't order by an unselected column (Pengcheng Xiong, reviewed by Ashutosh Chauhan)",ql/src/test/results/clientpositive/llap/limit_pushdown3.q.out
HIVE-15160,a74c1e7ceeab05917fbe01e9a7cd3eda8e87ee27,"HIVE-15160: Can't order by an unselected column (Pengcheng Xiong, reviewed by Ashutosh Chauhan)",ql/src/test/results/clientpositive/llap/offset_limit_ppd_optimizer.q.out
HIVE-15160,a74c1e7ceeab05917fbe01e9a7cd3eda8e87ee27,"HIVE-15160: Can't order by an unselected column (Pengcheng Xiong, reviewed by Ashutosh Chauhan)",ql/src/test/results/clientpositive/llap/subquery_in.q.out
HIVE-15160,a74c1e7ceeab05917fbe01e9a7cd3eda8e87ee27,"HIVE-15160: Can't order by an unselected column (Pengcheng Xiong, reviewed by Ashutosh Chauhan)",ql/src/test/results/clientpositive/llap/vector_coalesce.q.out
HIVE-15160,a74c1e7ceeab05917fbe01e9a7cd3eda8e87ee27,"HIVE-15160: Can't order by an unselected column (Pengcheng Xiong, reviewed by Ashutosh Chauhan)",ql/src/test/results/clientpositive/llap/vector_date_1.q.out
HIVE-15160,a74c1e7ceeab05917fbe01e9a7cd3eda8e87ee27,"HIVE-15160: Can't order by an unselected column (Pengcheng Xiong, reviewed by Ashutosh Chauhan)",ql/src/test/results/clientpositive/llap/vector_decimal_2.q.out
HIVE-15160,a74c1e7ceeab05917fbe01e9a7cd3eda8e87ee27,"HIVE-15160: Can't order by an unselected column (Pengcheng Xiong, reviewed by Ashutosh Chauhan)",ql/src/test/results/clientpositive/llap/vector_decimal_round.q.out
HIVE-15160,a74c1e7ceeab05917fbe01e9a7cd3eda8e87ee27,"HIVE-15160: Can't order by an unselected column (Pengcheng Xiong, reviewed by Ashutosh Chauhan)",ql/src/test/results/clientpositive/llap/vector_groupby_grouping_sets_grouping.q.out
HIVE-15160,a74c1e7ceeab05917fbe01e9a7cd3eda8e87ee27,"HIVE-15160: Can't order by an unselected column (Pengcheng Xiong, reviewed by Ashutosh Chauhan)",ql/src/test/results/clientpositive/llap/vector_groupby_grouping_sets_limit.q.out
HIVE-15160,a74c1e7ceeab05917fbe01e9a7cd3eda8e87ee27,"HIVE-15160: Can't order by an unselected column (Pengcheng Xiong, reviewed by Ashutosh Chauhan)",ql/src/test/results/clientpositive/llap/vector_interval_1.q.out
HIVE-15160,a74c1e7ceeab05917fbe01e9a7cd3eda8e87ee27,"HIVE-15160: Can't order by an unselected column (Pengcheng Xiong, reviewed by Ashutosh Chauhan)",ql/src/test/results/clientpositive/llap/vector_interval_arithmetic.q.out
HIVE-15160,a74c1e7ceeab05917fbe01e9a7cd3eda8e87ee27,"HIVE-15160: Can't order by an unselected column (Pengcheng Xiong, reviewed by Ashutosh Chauhan)",ql/src/test/results/clientpositive/order3.q.out
HIVE-15160,a74c1e7ceeab05917fbe01e9a7cd3eda8e87ee27,"HIVE-15160: Can't order by an unselected column (Pengcheng Xiong, reviewed by Ashutosh Chauhan)",ql/src/test/results/clientpositive/order_by_expr_1.q.out
HIVE-15160,a74c1e7ceeab05917fbe01e9a7cd3eda8e87ee27,"HIVE-15160: Can't order by an unselected column (Pengcheng Xiong, reviewed by Ashutosh Chauhan)",ql/src/test/results/clientpositive/order_by_expr_2.q.out
HIVE-15160,a74c1e7ceeab05917fbe01e9a7cd3eda8e87ee27,"HIVE-15160: Can't order by an unselected column (Pengcheng Xiong, reviewed by Ashutosh Chauhan)",ql/src/test/results/clientpositive/pcr.q.out
HIVE-15160,a74c1e7ceeab05917fbe01e9a7cd3eda8e87ee27,"HIVE-15160: Can't order by an unselected column (Pengcheng Xiong, reviewed by Ashutosh Chauhan)",ql/src/test/results/clientpositive/perf/query31.q.out
HIVE-15160,a74c1e7ceeab05917fbe01e9a7cd3eda8e87ee27,"HIVE-15160: Can't order by an unselected column (Pengcheng Xiong, reviewed by Ashutosh Chauhan)",ql/src/test/results/clientpositive/perf/query36.q.out
HIVE-15160,a74c1e7ceeab05917fbe01e9a7cd3eda8e87ee27,"HIVE-15160: Can't order by an unselected column (Pengcheng Xiong, reviewed by Ashutosh Chauhan)",ql/src/test/results/clientpositive/perf/query39.q.out
HIVE-15160,a74c1e7ceeab05917fbe01e9a7cd3eda8e87ee27,"HIVE-15160: Can't order by an unselected column (Pengcheng Xiong, reviewed by Ashutosh Chauhan)",ql/src/test/results/clientpositive/perf/query42.q.out
HIVE-15160,a74c1e7ceeab05917fbe01e9a7cd3eda8e87ee27,"HIVE-15160: Can't order by an unselected column (Pengcheng Xiong, reviewed by Ashutosh Chauhan)",ql/src/test/results/clientpositive/perf/query52.q.out
HIVE-15160,a74c1e7ceeab05917fbe01e9a7cd3eda8e87ee27,"HIVE-15160: Can't order by an unselected column (Pengcheng Xiong, reviewed by Ashutosh Chauhan)",ql/src/test/results/clientpositive/perf/query64.q.out
HIVE-15160,a74c1e7ceeab05917fbe01e9a7cd3eda8e87ee27,"HIVE-15160: Can't order by an unselected column (Pengcheng Xiong, reviewed by Ashutosh Chauhan)",ql/src/test/results/clientpositive/perf/query66.q.out
HIVE-15160,a74c1e7ceeab05917fbe01e9a7cd3eda8e87ee27,"HIVE-15160: Can't order by an unselected column (Pengcheng Xiong, reviewed by Ashutosh Chauhan)",ql/src/test/results/clientpositive/perf/query70.q.out
HIVE-15160,a74c1e7ceeab05917fbe01e9a7cd3eda8e87ee27,"HIVE-15160: Can't order by an unselected column (Pengcheng Xiong, reviewed by Ashutosh Chauhan)",ql/src/test/results/clientpositive/perf/query75.q.out
HIVE-15160,a74c1e7ceeab05917fbe01e9a7cd3eda8e87ee27,"HIVE-15160: Can't order by an unselected column (Pengcheng Xiong, reviewed by Ashutosh Chauhan)",ql/src/test/results/clientpositive/perf/query81.q.out
HIVE-15160,a74c1e7ceeab05917fbe01e9a7cd3eda8e87ee27,"HIVE-15160: Can't order by an unselected column (Pengcheng Xiong, reviewed by Ashutosh Chauhan)",ql/src/test/results/clientpositive/perf/query85.q.out
HIVE-15160,a74c1e7ceeab05917fbe01e9a7cd3eda8e87ee27,"HIVE-15160: Can't order by an unselected column (Pengcheng Xiong, reviewed by Ashutosh Chauhan)",ql/src/test/results/clientpositive/perf/query86.q.out
HIVE-15160,a74c1e7ceeab05917fbe01e9a7cd3eda8e87ee27,"HIVE-15160: Can't order by an unselected column (Pengcheng Xiong, reviewed by Ashutosh Chauhan)",ql/src/test/results/clientpositive/perf/query89.q.out
HIVE-15160,a74c1e7ceeab05917fbe01e9a7cd3eda8e87ee27,"HIVE-15160: Can't order by an unselected column (Pengcheng Xiong, reviewed by Ashutosh Chauhan)",ql/src/test/results/clientpositive/perf/query91.q.out
HIVE-15160,a74c1e7ceeab05917fbe01e9a7cd3eda8e87ee27,"HIVE-15160: Can't order by an unselected column (Pengcheng Xiong, reviewed by Ashutosh Chauhan)",ql/src/test/results/clientpositive/pointlookup2.q.out
HIVE-15160,a74c1e7ceeab05917fbe01e9a7cd3eda8e87ee27,"HIVE-15160: Can't order by an unselected column (Pengcheng Xiong, reviewed by Ashutosh Chauhan)",ql/src/test/results/clientpositive/pointlookup3.q.out
HIVE-15160,a74c1e7ceeab05917fbe01e9a7cd3eda8e87ee27,"HIVE-15160: Can't order by an unselected column (Pengcheng Xiong, reviewed by Ashutosh Chauhan)",ql/src/test/results/clientpositive/ppd_udf_case.q.out
HIVE-15160,a74c1e7ceeab05917fbe01e9a7cd3eda8e87ee27,"HIVE-15160: Can't order by an unselected column (Pengcheng Xiong, reviewed by Ashutosh Chauhan)",ql/src/test/results/clientpositive/spark/dynamic_rdd_cache.q.out
HIVE-15160,a74c1e7ceeab05917fbe01e9a7cd3eda8e87ee27,"HIVE-15160: Can't order by an unselected column (Pengcheng Xiong, reviewed by Ashutosh Chauhan)",ql/src/test/results/clientpositive/spark/limit_pushdown.q.out
HIVE-15160,a74c1e7ceeab05917fbe01e9a7cd3eda8e87ee27,"HIVE-15160: Can't order by an unselected column (Pengcheng Xiong, reviewed by Ashutosh Chauhan)",ql/src/test/results/clientpositive/spark/pcr.q.out
HIVE-15160,a74c1e7ceeab05917fbe01e9a7cd3eda8e87ee27,"HIVE-15160: Can't order by an unselected column (Pengcheng Xiong, reviewed by Ashutosh Chauhan)",ql/src/test/results/clientpositive/spark/subquery_in.q.out
HIVE-15160,a74c1e7ceeab05917fbe01e9a7cd3eda8e87ee27,"HIVE-15160: Can't order by an unselected column (Pengcheng Xiong, reviewed by Ashutosh Chauhan)",ql/src/test/results/clientpositive/vector_coalesce.q.out
HIVE-15160,a74c1e7ceeab05917fbe01e9a7cd3eda8e87ee27,"HIVE-15160: Can't order by an unselected column (Pengcheng Xiong, reviewed by Ashutosh Chauhan)",ql/src/test/results/clientpositive/vector_date_1.q.out
HIVE-15160,a74c1e7ceeab05917fbe01e9a7cd3eda8e87ee27,"HIVE-15160: Can't order by an unselected column (Pengcheng Xiong, reviewed by Ashutosh Chauhan)",ql/src/test/results/clientpositive/vector_decimal_round.q.out
HIVE-15160,a74c1e7ceeab05917fbe01e9a7cd3eda8e87ee27,"HIVE-15160: Can't order by an unselected column (Pengcheng Xiong, reviewed by Ashutosh Chauhan)",ql/src/test/results/clientpositive/vector_interval_1.q.out
HIVE-15160,a74c1e7ceeab05917fbe01e9a7cd3eda8e87ee27,"HIVE-15160: Can't order by an unselected column (Pengcheng Xiong, reviewed by Ashutosh Chauhan)",ql/src/test/results/clientpositive/vector_interval_arithmetic.q.out
HIVE-15160,a74c1e7ceeab05917fbe01e9a7cd3eda8e87ee27,"HIVE-15160: Can't order by an unselected column (Pengcheng Xiong, reviewed by Ashutosh Chauhan)",ql/src/test/results/clientpositive/view_alias.q.out
HIVE-16577,d09f3f81d231e68727bbb39681a686c5f525114a,"HIVE-16577: Syntax error in the metastore init scripts for mssql (Vihang Karajgaonkar, reviewed by Aihua Xu & Thejas M Nair)",metastore/scripts/upgrade/mssql/hive-schema-2.2.0.mssql.sql
HIVE-16577,d09f3f81d231e68727bbb39681a686c5f525114a,"HIVE-16577: Syntax error in the metastore init scripts for mssql (Vihang Karajgaonkar, reviewed by Aihua Xu & Thejas M Nair)",metastore/scripts/upgrade/mssql/hive-schema-2.3.0.mssql.sql
HIVE-16577,d09f3f81d231e68727bbb39681a686c5f525114a,"HIVE-16577: Syntax error in the metastore init scripts for mssql (Vihang Karajgaonkar, reviewed by Aihua Xu & Thejas M Nair)",metastore/scripts/upgrade/mssql/hive-schema-3.0.0.mssql.sql
HIVE-16301,f0812efdb82cb42a50bfe390413f6413d0ed5ab2,"HIVE-16301: Preparing for 2.3 development (Naveen Gangam, reviewed by Pengcheng Xiong)",accumulo-handler/pom.xml
HIVE-16301,f0812efdb82cb42a50bfe390413f6413d0ed5ab2,"HIVE-16301: Preparing for 2.3 development (Naveen Gangam, reviewed by Pengcheng Xiong)",beeline/pom.xml
HIVE-16301,f0812efdb82cb42a50bfe390413f6413d0ed5ab2,"HIVE-16301: Preparing for 2.3 development (Naveen Gangam, reviewed by Pengcheng Xiong)",cli/pom.xml
HIVE-16301,f0812efdb82cb42a50bfe390413f6413d0ed5ab2,"HIVE-16301: Preparing for 2.3 development (Naveen Gangam, reviewed by Pengcheng Xiong)",common/pom.xml
HIVE-16301,f0812efdb82cb42a50bfe390413f6413d0ed5ab2,"HIVE-16301: Preparing for 2.3 development (Naveen Gangam, reviewed by Pengcheng Xiong)",contrib/pom.xml
HIVE-16301,f0812efdb82cb42a50bfe390413f6413d0ed5ab2,"HIVE-16301: Preparing for 2.3 development (Naveen Gangam, reviewed by Pengcheng Xiong)",druid-handler/pom.xml
HIVE-16301,f0812efdb82cb42a50bfe390413f6413d0ed5ab2,"HIVE-16301: Preparing for 2.3 development (Naveen Gangam, reviewed by Pengcheng Xiong)",hbase-handler/pom.xml
HIVE-16301,f0812efdb82cb42a50bfe390413f6413d0ed5ab2,"HIVE-16301: Preparing for 2.3 development (Naveen Gangam, reviewed by Pengcheng Xiong)",hcatalog/core/pom.xml
HIVE-16301,f0812efdb82cb42a50bfe390413f6413d0ed5ab2,"HIVE-16301: Preparing for 2.3 development (Naveen Gangam, reviewed by Pengcheng Xiong)",hcatalog/hcatalog-pig-adapter/pom.xml
HIVE-16301,f0812efdb82cb42a50bfe390413f6413d0ed5ab2,"HIVE-16301: Preparing for 2.3 development (Naveen Gangam, reviewed by Pengcheng Xiong)",hcatalog/pom.xml
HIVE-16301,f0812efdb82cb42a50bfe390413f6413d0ed5ab2,"HIVE-16301: Preparing for 2.3 development (Naveen Gangam, reviewed by Pengcheng Xiong)",hcatalog/server-extensions/pom.xml
HIVE-16301,f0812efdb82cb42a50bfe390413f6413d0ed5ab2,"HIVE-16301: Preparing for 2.3 development (Naveen Gangam, reviewed by Pengcheng Xiong)",hcatalog/streaming/pom.xml
HIVE-16301,f0812efdb82cb42a50bfe390413f6413d0ed5ab2,"HIVE-16301: Preparing for 2.3 development (Naveen Gangam, reviewed by Pengcheng Xiong)",hcatalog/webhcat/java-client/pom.xml
HIVE-16301,f0812efdb82cb42a50bfe390413f6413d0ed5ab2,"HIVE-16301: Preparing for 2.3 development (Naveen Gangam, reviewed by Pengcheng Xiong)",hcatalog/webhcat/svr/pom.xml
HIVE-16301,f0812efdb82cb42a50bfe390413f6413d0ed5ab2,"HIVE-16301: Preparing for 2.3 development (Naveen Gangam, reviewed by Pengcheng Xiong)",hplsql/pom.xml
HIVE-16301,f0812efdb82cb42a50bfe390413f6413d0ed5ab2,"HIVE-16301: Preparing for 2.3 development (Naveen Gangam, reviewed by Pengcheng Xiong)",itests/custom-serde/pom.xml
HIVE-16301,f0812efdb82cb42a50bfe390413f6413d0ed5ab2,"HIVE-16301: Preparing for 2.3 development (Naveen Gangam, reviewed by Pengcheng Xiong)",itests/custom-udfs/pom.xml
HIVE-16301,f0812efdb82cb42a50bfe390413f6413d0ed5ab2,"HIVE-16301: Preparing for 2.3 development (Naveen Gangam, reviewed by Pengcheng Xiong)",itests/custom-udfs/udf-classloader-udf1/pom.xml
HIVE-16301,f0812efdb82cb42a50bfe390413f6413d0ed5ab2,"HIVE-16301: Preparing for 2.3 development (Naveen Gangam, reviewed by Pengcheng Xiong)",itests/custom-udfs/udf-classloader-udf2/pom.xml
HIVE-16301,f0812efdb82cb42a50bfe390413f6413d0ed5ab2,"HIVE-16301: Preparing for 2.3 development (Naveen Gangam, reviewed by Pengcheng Xiong)",itests/custom-udfs/udf-classloader-util/pom.xml
HIVE-16301,f0812efdb82cb42a50bfe390413f6413d0ed5ab2,"HIVE-16301: Preparing for 2.3 development (Naveen Gangam, reviewed by Pengcheng Xiong)",itests/custom-udfs/udf-vectorized-badexample/pom.xml
HIVE-16301,f0812efdb82cb42a50bfe390413f6413d0ed5ab2,"HIVE-16301: Preparing for 2.3 development (Naveen Gangam, reviewed by Pengcheng Xiong)",itests/hcatalog-unit/pom.xml
HIVE-16301,f0812efdb82cb42a50bfe390413f6413d0ed5ab2,"HIVE-16301: Preparing for 2.3 development (Naveen Gangam, reviewed by Pengcheng Xiong)",itests/hive-blobstore/pom.xml
HIVE-16301,f0812efdb82cb42a50bfe390413f6413d0ed5ab2,"HIVE-16301: Preparing for 2.3 development (Naveen Gangam, reviewed by Pengcheng Xiong)",itests/hive-jmh/pom.xml
HIVE-16301,f0812efdb82cb42a50bfe390413f6413d0ed5ab2,"HIVE-16301: Preparing for 2.3 development (Naveen Gangam, reviewed by Pengcheng Xiong)",itests/hive-minikdc/pom.xml
HIVE-16301,f0812efdb82cb42a50bfe390413f6413d0ed5ab2,"HIVE-16301: Preparing for 2.3 development (Naveen Gangam, reviewed by Pengcheng Xiong)",itests/hive-unit-hadoop2/pom.xml
HIVE-16301,f0812efdb82cb42a50bfe390413f6413d0ed5ab2,"HIVE-16301: Preparing for 2.3 development (Naveen Gangam, reviewed by Pengcheng Xiong)",itests/hive-unit/pom.xml
HIVE-16301,f0812efdb82cb42a50bfe390413f6413d0ed5ab2,"HIVE-16301: Preparing for 2.3 development (Naveen Gangam, reviewed by Pengcheng Xiong)",itests/hive-unit/src/test/java/org/apache/hive/beeline/TestSchemaTool.java
HIVE-16301,f0812efdb82cb42a50bfe390413f6413d0ed5ab2,"HIVE-16301: Preparing for 2.3 development (Naveen Gangam, reviewed by Pengcheng Xiong)",itests/pom.xml
HIVE-16301,f0812efdb82cb42a50bfe390413f6413d0ed5ab2,"HIVE-16301: Preparing for 2.3 development (Naveen Gangam, reviewed by Pengcheng Xiong)",itests/qtest-accumulo/pom.xml
HIVE-16301,f0812efdb82cb42a50bfe390413f6413d0ed5ab2,"HIVE-16301: Preparing for 2.3 development (Naveen Gangam, reviewed by Pengcheng Xiong)",itests/qtest-spark/pom.xml
HIVE-16301,f0812efdb82cb42a50bfe390413f6413d0ed5ab2,"HIVE-16301: Preparing for 2.3 development (Naveen Gangam, reviewed by Pengcheng Xiong)",itests/qtest/pom.xml
HIVE-16301,f0812efdb82cb42a50bfe390413f6413d0ed5ab2,"HIVE-16301: Preparing for 2.3 development (Naveen Gangam, reviewed by Pengcheng Xiong)",itests/test-serde/pom.xml
HIVE-16301,f0812efdb82cb42a50bfe390413f6413d0ed5ab2,"HIVE-16301: Preparing for 2.3 development (Naveen Gangam, reviewed by Pengcheng Xiong)",itests/util/pom.xml
HIVE-16301,f0812efdb82cb42a50bfe390413f6413d0ed5ab2,"HIVE-16301: Preparing for 2.3 development (Naveen Gangam, reviewed by Pengcheng Xiong)",jdbc-handler/pom.xml
HIVE-16301,f0812efdb82cb42a50bfe390413f6413d0ed5ab2,"HIVE-16301: Preparing for 2.3 development (Naveen Gangam, reviewed by Pengcheng Xiong)",jdbc/pom.xml
HIVE-16301,f0812efdb82cb42a50bfe390413f6413d0ed5ab2,"HIVE-16301: Preparing for 2.3 development (Naveen Gangam, reviewed by Pengcheng Xiong)",llap-client/pom.xml
HIVE-16301,f0812efdb82cb42a50bfe390413f6413d0ed5ab2,"HIVE-16301: Preparing for 2.3 development (Naveen Gangam, reviewed by Pengcheng Xiong)",llap-common/pom.xml
HIVE-16301,f0812efdb82cb42a50bfe390413f6413d0ed5ab2,"HIVE-16301: Preparing for 2.3 development (Naveen Gangam, reviewed by Pengcheng Xiong)",llap-ext-client/pom.xml
HIVE-16301,f0812efdb82cb42a50bfe390413f6413d0ed5ab2,"HIVE-16301: Preparing for 2.3 development (Naveen Gangam, reviewed by Pengcheng Xiong)",llap-server/pom.xml
HIVE-16301,f0812efdb82cb42a50bfe390413f6413d0ed5ab2,"HIVE-16301: Preparing for 2.3 development (Naveen Gangam, reviewed by Pengcheng Xiong)",llap-tez/pom.xml
HIVE-16301,f0812efdb82cb42a50bfe390413f6413d0ed5ab2,"HIVE-16301: Preparing for 2.3 development (Naveen Gangam, reviewed by Pengcheng Xiong)",metastore/pom.xml
HIVE-16301,f0812efdb82cb42a50bfe390413f6413d0ed5ab2,"HIVE-16301: Preparing for 2.3 development (Naveen Gangam, reviewed by Pengcheng Xiong)",metastore/scripts/upgrade/derby/hive-schema-2.3.0.derby.sql
HIVE-16301,f0812efdb82cb42a50bfe390413f6413d0ed5ab2,"HIVE-16301: Preparing for 2.3 development (Naveen Gangam, reviewed by Pengcheng Xiong)",metastore/scripts/upgrade/derby/hive-txn-schema-2.3.0.derby.sql
HIVE-16301,f0812efdb82cb42a50bfe390413f6413d0ed5ab2,"HIVE-16301: Preparing for 2.3 development (Naveen Gangam, reviewed by Pengcheng Xiong)",metastore/scripts/upgrade/derby/upgrade-2.2.0-to-2.3.0.derby.sql
HIVE-16301,f0812efdb82cb42a50bfe390413f6413d0ed5ab2,"HIVE-16301: Preparing for 2.3 development (Naveen Gangam, reviewed by Pengcheng Xiong)",metastore/scripts/upgrade/derby/upgrade.order.derby
HIVE-16301,f0812efdb82cb42a50bfe390413f6413d0ed5ab2,"HIVE-16301: Preparing for 2.3 development (Naveen Gangam, reviewed by Pengcheng Xiong)",metastore/scripts/upgrade/mssql/hive-schema-2.3.0.mssql.sql
HIVE-16301,f0812efdb82cb42a50bfe390413f6413d0ed5ab2,"HIVE-16301: Preparing for 2.3 development (Naveen Gangam, reviewed by Pengcheng Xiong)",metastore/scripts/upgrade/mssql/upgrade-2.2.0-to-2.3.0.mssql.sql
HIVE-16301,f0812efdb82cb42a50bfe390413f6413d0ed5ab2,"HIVE-16301: Preparing for 2.3 development (Naveen Gangam, reviewed by Pengcheng Xiong)",metastore/scripts/upgrade/mssql/upgrade.order.mssql
HIVE-16301,f0812efdb82cb42a50bfe390413f6413d0ed5ab2,"HIVE-16301: Preparing for 2.3 development (Naveen Gangam, reviewed by Pengcheng Xiong)",metastore/scripts/upgrade/mysql/hive-schema-2.3.0.mysql.sql
HIVE-16301,f0812efdb82cb42a50bfe390413f6413d0ed5ab2,"HIVE-16301: Preparing for 2.3 development (Naveen Gangam, reviewed by Pengcheng Xiong)",metastore/scripts/upgrade/mysql/hive-txn-schema-2.3.0.mysql.sql
HIVE-16301,f0812efdb82cb42a50bfe390413f6413d0ed5ab2,"HIVE-16301: Preparing for 2.3 development (Naveen Gangam, reviewed by Pengcheng Xiong)",metastore/scripts/upgrade/mysql/upgrade-2.2.0-to-2.3.0.mysql.sql
HIVE-16301,f0812efdb82cb42a50bfe390413f6413d0ed5ab2,"HIVE-16301: Preparing for 2.3 development (Naveen Gangam, reviewed by Pengcheng Xiong)",metastore/scripts/upgrade/mysql/upgrade.order.mysql
HIVE-16301,f0812efdb82cb42a50bfe390413f6413d0ed5ab2,"HIVE-16301: Preparing for 2.3 development (Naveen Gangam, reviewed by Pengcheng Xiong)",metastore/scripts/upgrade/oracle/hive-schema-2.3.0.oracle.sql
HIVE-16301,f0812efdb82cb42a50bfe390413f6413d0ed5ab2,"HIVE-16301: Preparing for 2.3 development (Naveen Gangam, reviewed by Pengcheng Xiong)",metastore/scripts/upgrade/oracle/hive-txn-schema-2.3.0.oracle.sql
HIVE-16301,f0812efdb82cb42a50bfe390413f6413d0ed5ab2,"HIVE-16301: Preparing for 2.3 development (Naveen Gangam, reviewed by Pengcheng Xiong)",metastore/scripts/upgrade/oracle/upgrade-2.2.0-to-2.3.0.oracle.sql
HIVE-16301,f0812efdb82cb42a50bfe390413f6413d0ed5ab2,"HIVE-16301: Preparing for 2.3 development (Naveen Gangam, reviewed by Pengcheng Xiong)",metastore/scripts/upgrade/oracle/upgrade.order.oracle
HIVE-16301,f0812efdb82cb42a50bfe390413f6413d0ed5ab2,"HIVE-16301: Preparing for 2.3 development (Naveen Gangam, reviewed by Pengcheng Xiong)",metastore/scripts/upgrade/postgres/hive-schema-2.3.0.postgres.sql
HIVE-16301,f0812efdb82cb42a50bfe390413f6413d0ed5ab2,"HIVE-16301: Preparing for 2.3 development (Naveen Gangam, reviewed by Pengcheng Xiong)",metastore/scripts/upgrade/postgres/hive-txn-schema-2.3.0.postgres.sql
HIVE-16301,f0812efdb82cb42a50bfe390413f6413d0ed5ab2,"HIVE-16301: Preparing for 2.3 development (Naveen Gangam, reviewed by Pengcheng Xiong)",metastore/scripts/upgrade/postgres/upgrade-2.2.0-to-2.3.0.postgres.sql
HIVE-16301,f0812efdb82cb42a50bfe390413f6413d0ed5ab2,"HIVE-16301: Preparing for 2.3 development (Naveen Gangam, reviewed by Pengcheng Xiong)",metastore/scripts/upgrade/postgres/upgrade.order.postgres
HIVE-16301,f0812efdb82cb42a50bfe390413f6413d0ed5ab2,"HIVE-16301: Preparing for 2.3 development (Naveen Gangam, reviewed by Pengcheng Xiong)",packaging/pom.xml
HIVE-16301,f0812efdb82cb42a50bfe390413f6413d0ed5ab2,"HIVE-16301: Preparing for 2.3 development (Naveen Gangam, reviewed by Pengcheng Xiong)",pom.xml
HIVE-16301,f0812efdb82cb42a50bfe390413f6413d0ed5ab2,"HIVE-16301: Preparing for 2.3 development (Naveen Gangam, reviewed by Pengcheng Xiong)",ql/pom.xml
HIVE-16301,f0812efdb82cb42a50bfe390413f6413d0ed5ab2,"HIVE-16301: Preparing for 2.3 development (Naveen Gangam, reviewed by Pengcheng Xiong)",serde/pom.xml
HIVE-16301,f0812efdb82cb42a50bfe390413f6413d0ed5ab2,"HIVE-16301: Preparing for 2.3 development (Naveen Gangam, reviewed by Pengcheng Xiong)",service-rpc/pom.xml
HIVE-16301,f0812efdb82cb42a50bfe390413f6413d0ed5ab2,"HIVE-16301: Preparing for 2.3 development (Naveen Gangam, reviewed by Pengcheng Xiong)",service/pom.xml
HIVE-16301,f0812efdb82cb42a50bfe390413f6413d0ed5ab2,"HIVE-16301: Preparing for 2.3 development (Naveen Gangam, reviewed by Pengcheng Xiong)",shims/0.23/pom.xml
HIVE-16301,f0812efdb82cb42a50bfe390413f6413d0ed5ab2,"HIVE-16301: Preparing for 2.3 development (Naveen Gangam, reviewed by Pengcheng Xiong)",shims/aggregator/pom.xml
HIVE-16301,f0812efdb82cb42a50bfe390413f6413d0ed5ab2,"HIVE-16301: Preparing for 2.3 development (Naveen Gangam, reviewed by Pengcheng Xiong)",shims/common/pom.xml
HIVE-16301,f0812efdb82cb42a50bfe390413f6413d0ed5ab2,"HIVE-16301: Preparing for 2.3 development (Naveen Gangam, reviewed by Pengcheng Xiong)",shims/pom.xml
HIVE-16301,f0812efdb82cb42a50bfe390413f6413d0ed5ab2,"HIVE-16301: Preparing for 2.3 development (Naveen Gangam, reviewed by Pengcheng Xiong)",shims/scheduler/pom.xml
HIVE-16301,f0812efdb82cb42a50bfe390413f6413d0ed5ab2,"HIVE-16301: Preparing for 2.3 development (Naveen Gangam, reviewed by Pengcheng Xiong)",spark-client/pom.xml
HIVE-16301,f0812efdb82cb42a50bfe390413f6413d0ed5ab2,"HIVE-16301: Preparing for 2.3 development (Naveen Gangam, reviewed by Pengcheng Xiong)",testutils/pom.xml
HIVE-16301,f0812efdb82cb42a50bfe390413f6413d0ed5ab2,"HIVE-16301: Preparing for 2.3 development (Naveen Gangam, reviewed by Pengcheng Xiong)",vector-code-gen/pom.xml
HIVE-16310,cc5bc17f44a6856b2a9b24be00d9840c1ac7ef23,"HIVE-16310: Get the output operators of Reducesink when vectorization is on (Pengcheng Xiong, reviewed by Ashutosh Chauhan)",ql/src/java/org/apache/hadoop/hive/ql/exec/ExplainTask.java
HIVE-16310,cc5bc17f44a6856b2a9b24be00d9840c1ac7ef23,"HIVE-16310: Get the output operators of Reducesink when vectorization is on (Pengcheng Xiong, reviewed by Ashutosh Chauhan)",ql/src/java/org/apache/hadoop/hive/ql/exec/OperatorFactory.java
HIVE-16310,cc5bc17f44a6856b2a9b24be00d9840c1ac7ef23,"HIVE-16310: Get the output operators of Reducesink when vectorization is on (Pengcheng Xiong, reviewed by Ashutosh Chauhan)",ql/src/java/org/apache/hadoop/hive/ql/optimizer/physical/Vectorizer.java
HIVE-16310,cc5bc17f44a6856b2a9b24be00d9840c1ac7ef23,"HIVE-16310: Get the output operators of Reducesink when vectorization is on (Pengcheng Xiong, reviewed by Ashutosh Chauhan)",ql/src/test/results/clientpositive/llap/vector_aggregate_without_gby.q.out
HIVE-16310,cc5bc17f44a6856b2a9b24be00d9840c1ac7ef23,"HIVE-16310: Get the output operators of Reducesink when vectorization is on (Pengcheng Xiong, reviewed by Ashutosh Chauhan)",ql/src/test/results/clientpositive/llap/vector_bround.q.out
HIVE-16310,cc5bc17f44a6856b2a9b24be00d9840c1ac7ef23,"HIVE-16310: Get the output operators of Reducesink when vectorization is on (Pengcheng Xiong, reviewed by Ashutosh Chauhan)",ql/src/test/results/clientpositive/llap/vectorized_timestamp.q.out
HIVE-16310,cc5bc17f44a6856b2a9b24be00d9840c1ac7ef23,"HIVE-16310: Get the output operators of Reducesink when vectorization is on (Pengcheng Xiong, reviewed by Ashutosh Chauhan)",ql/src/test/results/clientpositive/tez/explainuser_3.q.out
HIVE-16310,cc5bc17f44a6856b2a9b24be00d9840c1ac7ef23,"HIVE-16310: Get the output operators of Reducesink when vectorization is on (Pengcheng Xiong, reviewed by Ashutosh Chauhan)",ql/src/test/results/clientpositive/tez/vector_join_part_col_char.q.out
HIVE-16310,cc5bc17f44a6856b2a9b24be00d9840c1ac7ef23,"HIVE-16310: Get the output operators of Reducesink when vectorization is on (Pengcheng Xiong, reviewed by Ashutosh Chauhan)",ql/src/test/results/clientpositive/vector_outer_join3.q.out
HIVE-16310,cc5bc17f44a6856b2a9b24be00d9840c1ac7ef23,"HIVE-16310: Get the output operators of Reducesink when vectorization is on (Pengcheng Xiong, reviewed by Ashutosh Chauhan)",ql/src/test/results/clientpositive/vector_outer_join4.q.out
HIVE-16310,cc5bc17f44a6856b2a9b24be00d9840c1ac7ef23,"HIVE-16310: Get the output operators of Reducesink when vectorization is on (Pengcheng Xiong, reviewed by Ashutosh Chauhan)",ql/src/test/results/clientpositive/vector_outer_join6.q.out
